Rang;code_nip;Nom;UE 11 Informatique;UE 12 Conn. et comp. Géné;Moy S1;UE 21  INFO.;UE 22 Conn. et comp. gén.;Sport;Moy S2;Moy S1-S2;UE 31;UE32;UE33\{M3302,M3303};Moy S3;Moy S1-S2-S3;Voeux;Avis
1;134566A;A A;16.3601691176471;15.7147435897436;16.079999999999998;15.744140625;15.8904761904762;0.20000000000000001;16.010000000000002;16.045000000000002;17.065625000000001;15.203125;15.380000000000001;16.050000000000001;16.050000000000001;IPSSI Brest (Ecole Web Design);5 Sans avis;;;;;;;;;;;;;;;;;
;;;;;;;;;;;;;;;;ESIEA Laval (Ecole Ing);1 Très favorable;;;;;;;;;;;;;;;;;
;;;;;;;;;;;;;;;;Polytech’Nantes;1 Très favorable;;;;;;;;;;;;;;;;;
2;134566B;A B;16.450446568627498;15.636217948718;16.100000000000001;14.322265625;12.5342261904762;0;13.49;14.795;16.765625;14.2708333333333;14.970000000000001;15.460000000000001;15.02; Licence pro CDAISI Valenciennes (Cyber Défense);1 Très favorable;;;;;;;;;;;;;;;;;
;;;;;;;;;;;;;;;;Licence Informatique Nantes;1 Très favorable;;;;;;;;;;;;;;;;;
3;134566C;A C;16.029582352941201;15.2900641025641;15.710000000000001;15.40859375;14.0233928571429;0;14.76;15.234999999999999;15.1510416666667;14.5833333333333;11.970000000000001;14.550000000000001;15.01;Polytech’Nantes;1 Très favorable;;;;;;;;;;;;;;;;;
;;;;;;;;;;;;;;;;Licence pro MIAR  Nantes;1 Très favorable;;;;;;;;;;;;;;;;;
;;;;;;;;;;;;;;;;Licence pro Math-Info Nantes;1 Très favorable;;;;;;;;;;;;;;;;;
4;134566D;A D;14.6911068627451;14.551282051282101;14.630000000000001;14.852343749999999;14.682619047618999;0;14.77;14.699999999999999;15.532500000000001;14.4270833333333;13.35;14.800000000000001;14.73;INSA Lyon;1 Très favorable;;;;;;;;;;;;;;;;;
;;;;;;;;;;;;;;;;INSA Rennes;1 Très favorable;;;;;;;;;;;;;;;;;
;;;;;;;;;;;;;;;;Polytech’Nantes;1 Très favorable;;;;;;;;;;;;;;;;;
;;;;;;;;;;;;;;;;Licence Info Nantes;1 Très favorable;;;;;;;;;;;;;;;;;
5;134566E;A E;15.235331372549;15.6105769230769;15.4;13.875390625;14.5401785714286;0.20000000000000001;14.390000000000001;14.895;13.543125;13.944791666666699;12.31;13.58;14.460000000000001;Ecole des Mines Nantes;1 Très favorable;;;;;;;;;;;;;;;;;;;;;;;;;;;;;;;;;;;;;
;;;;;;;;;;;;;;;;Ecole des Mines Alès;1 Très favorable;;;;;;;;;;;;;;;;;;;;;;;;;;;;;;;;;;;;;
;;;;;;;;;;;;;;;;INSA Lyon;1 Très favorable;;;;;;;;;;;;;;;;;;;;;;;;;;;;;;;;;;;;;
;;;;;;;;;;;;;;;;ENSEEIHT Toulouse;1 Très favorable;;;;;;;;;;;;;;;;;;;;;;;;;;;;;;;;;;;;;
;;;;;;;;;;;;;;;;UTC Compiègne;1 Très favorable;;;;;;;;;;;;;;;;;;;;;;;;;;;;;;;;;;;;;
;;;;;;;;;;;;;;;;UTT Troyes;1 Très favorable;;;;;;;;;;;;;;;;;;;;;;;;;;;;;;;;;;;;;
;;;;;;;;;;;;;;;;UTBM Belfort-Montbéliard;1 Très favorable;;;;;;;;;;;;;;;;;;;;;;;;;;;;;;;;;;;;;
;;;;;;;;;;;;;;;;ENSIMAG Grenoble;1 Très favorable;;;;;;;;;;;;;;;;;;;;;;;;;;;;;;;;;;;;;
;;;;;;;;;;;;;;;;ENSSAT Lannion;1 Très favorable;;;;;;;;;;;;;;;;;;;;;;;;;;;;;;;;;;;;;
;;;;;;;;;;;;;;;;Polytech’Lyon;1 Très favorable;;;;;;;;;;;;;;;;;;;;;;;;;;;;;;;;;;;;;
;;;;;;;;;;;;;;;;Polytach’Orsay;1 Très favorable;;;;;;;;;;;;;;;;;;;;;;;;;;;;;;;;;;;;;
6;134566F;A F;13.2909240196078;15.2564102564103;14.140000000000001;13.6703125;15.1319642857143;0.20000000000000001;14.550000000000001;14.345000000000001;14.388958333333299;15.3645833333333;10.81;14.42;14.369999999999999;INSA Rennes;1 Très favorable;;;;;;;;;;;;;;;;;
;;;;;;;;;;;;;;;;ENSIBS CyberDéfense Vannes;1 Très favorable;;;;;;;;;;;;;;;;;
;;;;;;;;;;;;;;;;Polytech’Nantes;1 Très favorable;;;;;;;;;;;;;;;;;
;;;;;;;;;;;;;;;;Licence Info Nantes;1 Très favorable;;;;;;;;;;;;;;;;;
7;134566G;A G;12.9692598039216;15.442307692307701;14.039999999999999;13.439453125;14.499880952381;0;13.93;13.984999999999999;14.626250000000001;15.5625;13.66;14.94;14.300000000000001;ENSIBS CyberDéfense Vannes;1 Très favorable;;;;;;;;;;;;;;;;;
;;;;;;;;;;;;;;;;Polytech’Nantes;1 Très favorable;;;;;;;;;;;;;;;;;
;;;;;;;;;;;;;;;;Licence pro La Roche/Yon;1 Très favorable;;;;;;;;;;;;;;;;;
8;134566H;A H;15.295305882352899;15.113782051282101;15.2166455555556;14.252734374999999;14.5333928571429;0.20000000000000001;14.58;14.8983227777778;12.8210416666667;12.9635416666667;13.41;12.949999999999999;14.25;UTC Compiègne;1 Très favorable;;;;;;;;;;;;;;;;;
;;;;;;;;;;;;;;;;Polytech’Nantes;1 Très favorable;;;;;;;;;;;;;;;;;
;;;;;;;;;;;;;;;;Licence Info Nantes;1 Très favorable;;;;;;;;;;;;;;;;;
9;134566I;A I;13.91;15.279999999999999;14.5;13.300000000000001;14.539999999999999;0.20000000000000001;14.08;14.289999999999999;13.369999999999999;14.67;15.1;14.140000000000001;14.24;ENSIBS CyberDéfense Vannes;1 Très favorable;;;;;;;;;;;;;;;;;
;;;;;;;;;;;;;;;;INSA Rennes;1 Très favorable;;;;;;;;;;;;;;;;;
;;;;;;;;;;;;;;;;ENSIBS Informatique de Confiance;1 Très favorable;;;;;;;;;;;;;;;;;
;;;;;;;;;;;;;;;;Polytech’Nantes;1 Très favorable;;;;;;;;;;;;;;;;;
;;;;;;;;;;;;;;;;Licence Info Miage Nantes;1 Très favorable;;;;;;;;;;;;;;;;;
;;;;;;;;;;;;;;;;ESISAR Grenoble (Ecole Ing.);1 Très favorable;;;;;;;;;;;;;;;;;
10;134566J;A J;16.199999999999999;14.630000000000001;15.52;15.119999999999999;11.07;0;13.23;14.375;13.41;14.68;12.84;13.91;14.220000000000001;Napier Ecosse;1 Très favorable;;;;;;;;;;;;;;;;;
;;;;;;;;;;;;;;;;UWS  Ecosse;1 Très favorable;;;;;;;;;;;;;;;;;
;;;;;;;;;;;;;;;;Licence pro MIAR  Nantes;1 Très favorable;;;;;;;;;;;;;;;;;
11;134566K;A K;14.109999999999999;14.85;14.43;12.609999999999999;15.279999999999999;0;13.859999999999999;14.145;12.51;16.100000000000001;14.56;14.33;14.210000000000001;ENSIBS CyberDéfense Vannes;1 Très favorable;;;;;;;;;;;;;;;;;
;;;;;;;;;;;;;;;;ESIEA Laval;1 Très favorable;;;;;;;;;;;;;;;;;
;;;;;;;;;;;;;;;;ESAIP Angers;1 Très favorable;;;;;;;;;;;;;;;;;
;;;;;;;;;;;;;;;;Licence Info  Nantes;1 Très favorable;;;;;;;;;;;;;;;;;
;;;;;;;;;;;;;;;;EPSI  Nantes;5 Sans avis;;;;;;;;;;;;;;;;;
;;;;;;;;;;;;;;;;EPITA Paris;1 Très favorable;;;;;;;;;;;;;;;;;
12;134566L;A L;14.609999999999999;13.16;13.98;12.960000000000001;13.9;0;13.4;13.69;13.48;15.85;14.65;14.66;14.01;ENSIBS CyberDéfense Vannes;1 Très favorable;;;;;;;;;;;;;;;;;;;;;;;;;;;;;;;;;;;;;
;;;;;;;;;;;;;;;;ISIMA Aubière (Ecole Ing);1 Très favorable;;;;;;;;;;;;;;;;;;;;;;;;;;;;;;;;;;;;;
;;;;;;;;;;;;;;;;ENSEIRB-MatMeca Bordeaux (Ecole Ing);1 Très favorable;;;;;;;;;;;;;;;;;;;;;;;;;;;;;;;;;;;;;
;;;;;;;;;;;;;;;;ESIEA Laval;1 Très favorable;;;;;;;;;;;;;;;;;;;;;;;;;;;;;;;;;;;;;
13;134566M;A M;14.3704387254902;14.240384615384601;14.31;12.82578125;15.3294642857143;0.20000000000000001;14.19;14.25;11.890416666666701;14.5364583333333;15.5;13.470000000000001;13.99;Polytech’Nantes;1 Très favorable;;;;;;;;;;;;;;;;;;;;;;;;;;;;;;;;;;;;;
;;;;;;;;;;;;;;;;Licence Info Nantes;1 Très favorable;;;;;;;;;;;;;;;;;;;;;;;;;;;;;;;;;;;;;
14;134566N;A N;14.8728382352941;15.2291666666667;15.029999999999999;12.939453125;13.755000000000001;0;13.32;14.175000000000001;13.778124999999999;13.5833333333333;13.029999999999999;13.609999999999999;13.99;Ecole des Mines Nantes;1 Très favorable;;;;;;;;;;;;;;;;;;;;;;;;;;;;;;;;;;;;;
;;;;;;;;;;;;;;;;ENSIBS CyberDéfense Vannes;1 Très favorable;;;;;;;;;;;;;;;;;;;;;;;;;;;;;;;;;;;;;
;;;;;;;;;;;;;;;;Polytech’Nantes;1 Très favorable;;;;;;;;;;;;;;;;;;;;;;;;;;;;;;;;;;;;;
15;134566O;A O;13.523337745098001;15.363782051282101;14.32;12.827734375;13.856607142857101;0.20000000000000001;13.51;13.914999999999999;14.9029166666667;13.9583333333333;11.94;14.15;13.99;Ecole des Mines Nantes;1 Très favorable;;;;;;;;;;;;;;;;;
;;;;;;;;;;;;;;;;Napier Ecosse;1 Très favorable;;;;;;;;;;;;;;;;;
;;;;;;;;;;;;;;;; UWS Ecosse;1 Très favorable;;;;;;;;;;;;;;;;;
;;;;;;;;;;;;;;;;Licence Info Nantes;1 Très favorable;;;;;;;;;;;;;;;;;
16;134566P;A P;14.2316718137255;14.1105769230769;14.18;12.4046875;15.002202380952401;0;13.619999999999999;13.9;12.7570833333333;15.4114583333333;13.69;14.039999999999999;13.949999999999999;Polytech’Nantes;1 Très favorable;;;;;;;;;;;;;;;;;
;;;;;;;;;;;;;;;;Licence Info Miage Nantes;1 Très favorable;;;;;;;;;;;;;;;;;
17;134566Q;A Q;14.638791176470599;13.533653846153801;14.16;13.36484375;13.2116666666667;0.20000000000000001;13.49;13.824999999999999;13.5952083333333;14.71875;13.44;14.08;13.91;Polytech’Nantes;1 Très favorable;;;;;;;;;;;;;;;;;
;;;;;;;;;;;;;;;;Licence Info Nantes;1 Très favorable;;;;;;;;;;;;;;;;;
18;134566R;A R;14.125233823529401;14.9791666666667;14.5;13.388671875;14.431309523809499;0;13.880000000000001;14.19;13.226875;13.6927083333333;12.380000000000001;13.34;13.91;Ecole des Mines Nantes;1 Très favorable;;;;;;;;;;;;;;;;;
;;;;;;;;;;;;;;;;Polytech’Nantes;1 Très favorable;;;;;;;;;;;;;;;;;
;;;;;;;;;;;;;;;;Licence Info Nantes;1 Très favorable;;;;;;;;;;;;;;;;;
19;134566S;A S;12.5921569117647;15.4839743589744;13.85;13.458203125000001;14.8731547619048;0.20000000000000001;14.32;14.085000000000001;12.1760416666667;14.6354166666667;13.630000000000001;13.43;13.869999999999999;Polytech’Nantes;1 Très favorable;;;;;;;;;;;;;;;;;
;;;;;;;;;;;;;;;;Licence Info Nantes;1 Très favorable;;;;;;;;;;;;;;;;;
20;134566T;A T;14.6784769607843;13.5817307692308;14.199999999999999;13.464453125;15.189047619047599;0.20000000000000001;14.470000000000001;14.335000000000001;12.654166666666701;13.1875;13;12.93;13.869999999999999;UQAC (Université du Québec Chicoutimi);1 Très favorable;;;;;;;;;;;;;;;;;
21;134566U;A U;13.5570470588235;14.317307692307701;13.890000000000001;12.461328125;12.6268452380952;0;12.539999999999999;13.215;14.6539583333333;15.09375;12.81;14.640000000000001;13.69;ENSIBS CyberDéfense Vannes;1 Très favorable;;;;;;;;;;;;;;;;;
;;;;;;;;;;;;;;;;Polytech’Nantes;1 Très favorable;;;;;;;;;;;;;;;;;
;;;;;;;;;;;;;;;;Licence Info Nantes;1 Très favorable;;;;;;;;;;;;;;;;;
22;134566V;A V;16.086908823529399;12.586538461538501;14.57;14.11171875;14.1267261904762;0;14.119999999999999;14.345000000000001;12.113125;12.1145833333333;13.5;12.27;13.65;Polytech’Nantes;1 Très favorable;;;;;;;;;;;;;;;;;
;;;;;;;;;;;;;;;;Licence Info Nantes;1 Très favorable;;;;;;;;;;;;;;;;;
;;;;;;;;;;;;;;;;Licence Pro MIAR  Nantes;1 Très favorable;;;;;;;;;;;;;;;;;
23;134566W;A W;14.156169117647099;13.5544871794872;13.9;13.74453125;13.900833333333299;0.20000000000000001;14.02;13.960000000000001;14.0052083333333;11.6979166666667;13.470000000000001;12.92;13.609999999999999;ENSIBS CyberDéfense Vannes;1 Très favorable;;;;;;;;;;;;;;;;;
;;;;;;;;;;;;;;;;Polytech’Nantes;1 Très favorable;;;;;;;;;;;;;;;;;
;;;;;;;;;;;;;;;;ENSIBS Informatique de Confiance;1 Très favorable;;;;;;;;;;;;;;;;;
;;;;;;;;;;;;;;;;Licence Info Nantes;1 Très favorable;;;;;;;;;;;;;;;;;
24;134566X;A X;14.446779901960801;14.8205128205128;14.609999999999999;13.5078125;13.548273809523799;0;13.529999999999999;14.07;12.828125;12.6354166666667;11.220000000000001;12.56;13.57;Poytech’Nantes;1 Très favorable;;;;;;;;;;;;;;;;;
;;;;;;;;;;;;;;;;Licence Pro MIAR  Nantes;1 Très favorable;;;;;;;;;;;;;;;;;
25;134566Y;A Y;14.670584803921599;11.567307692307701;13.33;14.088671874999999;12.175535714285701;0;13.199999999999999;13.265000000000001;14.039375;13.5260416666667;14.029999999999999;13.81;13.449999999999999;Polytech’Nantes;1 Très favorable;;;;;;;;;;;;;;;;;
;;;;;;;;;;;;;;;;Licence Info Nantes;1 Très favorable;;;;;;;;;;;;;;;;;
;;;;;;;;;;;;;;;;Licence Info Miage Nantes;1 Très favorable;;;;;;;;;;;;;;;;;
;;;;;;;;;;;;;;;;Licence Pro MIAR  Nantes;1 Très favorable;;;;;;;;;;;;;;;;;
26;134566Z;A Z;11.418758333333299;13.746794871794901;12.43;12.479296874999999;14.209642857142899;0.20000000000000001;13.49;12.960000000000001;14.8339583333333;13.375;12.94;13.98;13.300000000000001;ENSIBS CyberDéfense Vannes;1 Très favorable;;;;;;;;;;;;;;;;;
;;;;;;;;;;;;;;;;Ecole des Mines Nantes;1 Très favorable;;;;;;;;;;;;;;;;;
;;;;;;;;;;;;;;;;Polytech’Nantes;1 Très favorable;;;;;;;;;;;;;;;;;
;;;;;;;;;;;;;;;;Licence Info Nantes;1 Très favorable;;;;;;;;;;;;;;;;;
27;134567U;B A;12.144668627451001;15.408653846153801;13.56;12.200390625000001;14.708928571428601;0.20000000000000001;13.57;13.565;11.909375000000001;12.984375;12.029999999999999;12.4;13.18;UTC Compiègne;2 Favorable;;;;;;;;;;;;;;;;;
;;;;;;;;;;;;;;;;Polytech’Nantes;1 Très favorable;;;;;;;;;;;;;;;;;
;;;;;;;;;;;;;;;;Polytech’Lille;1 Très favorable;;;;;;;;;;;;;;;;;
;;;;;;;;;;;;;;;;Polytech’Annecy;1 Très favorable;;;;;;;;;;;;;;;;;
;;;;;;;;;;;;;;;;UTBM Belfort-Montbéliard;2 Favorable;;;;;;;;;;;;;;;;;
;;;;;;;;;;;;;;;;Polytech’Nice;1 Très favorable;;;;;;;;;;;;;;;;;
;;;;;;;;;;;;;;;;UTT Troyes;2 Favorable;;;;;;;;;;;;;;;;;
;;;;;;;;;;;;;;;;Licence Info Nantes;1 Très favorable;;;;;;;;;;;;;;;;;
28;134568V;B B;13.5433450980392;14.225961538461499;13.84;11.8296875;15.250119047619;0.20000000000000001;13.630000000000001;13.734999999999999;10.880000000000001;13.0729166666667;12.6;12.050000000000001;13.17;IMAC Champs-sur-Marne (Ecole Ing);1 Très favorable;;;;;;;;;;;;;;;;;
;;;;;;;;;;;;;;;;Napier Ecosse;1 Très favorable;;;;;;;;;;;;;;;;;
;;;;;;;;;;;;;;;;UWS  Ecosse;1 Très favorable;;;;;;;;;;;;;;;;;
;;;;;;;;;;;;;;;;Licence Info Nantes;1 Très favorable;;;;;;;;;;;;;;;;;
29;134568W;B C;12.859999999999999;12.109999999999999;12.539999999999999;13.039999999999999;11.699999999999999;0;12.41;12.475;12.890000000000001;15.210000000000001;14.779999999999999;14.130000000000001;13.029999999999999;;5 Sans avis;;;;;;;;;;;;;;;;;
30;134568X;B D;14.738585784313701;12.198717948718;13.640000000000001;13.327734375;12.9188095238095;0.20000000000000001;13.34;13.49;12.532500000000001;11.7864583333333;11.56;12.09;13.02;;5 Sans avis;;;;;;;;;;;;;;;;;
31;134568Y;B E;12.394425147058801;13.6394230769231;12.93;11.44375;13.6654761904762;0;12.48;12.705;11.3314583333333;15.09375;12.75;13.16;12.859999999999999;Licence Info Nantes;1 Très favorable;;;;;;;;;;;;;;;;;
;;;;;;;;;;;;;;;;Licence Info Miage Nantes;1 Très favorable;;;;;;;;;;;;;;;;;
32;134568Z;B F;13.927123039215701;12.996794871794901;13.52;12.570703125;12.1079166666667;0;12.35;12.935;13.0572916666667;11.8177083333333;12.630000000000001;12.460000000000001;12.779999999999999;Licence Pro MIAR  Nantes;1 Très favorable;;;;;;;;;;;;;;;;;
33;134568A;B G;13.419344607843099;12.3349358974359;12.949999999999999;13.03671875;12.612916666666701;0;12.84;12.895;10.556041666666699;12.047916666666699;15.75;11.800000000000001;12.529999999999999;Napier Ecosse;1 Très favorable;;;;;;;;;;;;;;;;;
;;;;;;;;;;;;;;;;UWS  Ecosse;1 Très favorable;;;;;;;;;;;;;;;;;
34;134569A;B H;13.8675901960784;11.2035256410256;12.710000000000001;11.5296875;13.0371428571429;0.20000000000000001;12.43;12.57;11.7929166666667;12.3645833333333;12.25;12.1;12.41;Ecole des Mines Nantes;5 Sans avis;;;;;;;;;;;;;;;;;
;;;;;;;;;;;;;;;;Napier Ecosse;1 Très favorable;;;;;;;;;;;;;;;;;
;;;;;;;;;;;;;;;;UWS  Ecosse;1 Très favorable;;;;;;;;;;;;;;;;;
;;;;;;;;;;;;;;;;Polytech’Nantes;2 Favorable;;;;;;;;;;;;;;;;;
;;;;;;;;;;;;;;;;Licence Info Nantes;1 Très favorable;;;;;;;;;;;;;;;;;
35;134561A;B I;11.7423950980392;12.9159230769231;12.25;10.956640625;12.6248214285714;0.20000000000000001;11.94;12.095000000000001;12.455625;14.2458333333333;10.16;13;12.4;Ecole des Mines Alès;5 Sans avis;;;;;;;;;;;;;;;;;
;;;;;;;;;;;;;;;;Polytech’Nantes;2 Favorable;;;;;;;;;;;;;;;;;
36;134562B;B J;12.799962745098;13.059294871794901;12.91;11.732421875;12.4318452380952;0;12.06;12.484999999999999;11.5079166666667;13.0104166666667;11.720000000000001;12.199999999999999;12.390000000000001;Polytech’Nantes;2 Favorable;;;;;;;;;;;;;;;;;
;;;;;;;;;;;;;;;;Licence Pro Application Web Lannion;1 Très favorable;;;;;;;;;;;;;;;;;
;;;;;;;;;;;;;;;;Licence Pro MIAR  Nantes;1 Très favorable;;;;;;;;;;;;;;;;;
37;134562C;B K;13.8670274509804;12.3205128205128;13.199999999999999;11.14296875;12.691190476190499;0;11.869999999999999;12.535;11.2827083333333;13.1354166666667;11;12.07;12.380000000000001;Polytech’Nantes;2 Favorable;;;;;;;;;;;;;;;;;
;;;;;;;;;;;;;;;;Licence Info Nantes;1 Très favorable;;;;;;;;;;;;;;;;;
;;;;;;;;;;;;;;;; Licence Pro MIAR Nantes;1 Très favorable;;;;;;;;;;;;;;;;;
38;134562D;B L;13.4309299019608;12.2660256410256;12.93;11.898828125;12.420833333333301;0.20000000000000001;12.34;12.635;10.230625;12.9947916666667;13.69;11.84;12.369999999999999;Polytech’Nantes;2 Favorable;;;;;;;;;;;;;;;;;
;;;;;;;;;;;;;;;;Licence Info Nantes;1 Très favorable;;;;;;;;;;;;;;;;;
39;134562E;B M;13.538209313725501;11.594551282051301;12.699999999999999;12.12109375;11.173154761904801;0;11.68;12.19;12.068958333333301;13.046875;13.75;12.69;12.359999999999999;;5 Sans avis;;;;;;;;;;;;;;;;;
40;134562F;B N;12.4;12.42;12.41;13.029999999999999;13.199999999999999;0;13.109999999999999;12.76;10.09;12.66;11.220000000000001;11.359999999999999;12.289999999999999;Licence Pro MIAR  Nantes;1 Très favorable;;;;;;;;;;;;;;;;;
;;;;;;;;;;;;;;;;Licence Pro test logciels Bordeaux;1 Très favorable;;;;;;;;;;;;;;;;;
;;;;;;;;;;;;;;;;Licence Pro test logciels Paris Descartes;1 Très favorable;;;;;;;;;;;;;;;;;
41;134562G;B O;12.2387294117647;13.5272435897436;12.800000000000001;12.2515625;12.5485714285714;0;12.390000000000001;12.595000000000001;10.1547916666667;12.9322916666667;12.1;11.609999999999999;12.27;Licence Pro DIWA Laval;1 Très favorable;;;;;;;;;;;;;;;;;
;;;;;;;;;;;;;;;;Licence Pro Web La Rochelle;1 Très favorable;;;;;;;;;;;;;;;;;
;;;;;;;;;;;;;;;;Licence Pro MIAR  Nantes;1 Très favorable;;;;;;;;;;;;;;;;;
;;;;;;;;;;;;;;;;IMIE Nantes (Ecole Ing);5 Sans avis;;;;;;;;;;;;;;;;;
;;;;;;;;;;;;;;;;Licence Pro Application Web Lannion;1 Très favorable;;;;;;;;;;;;;;;;;
;;;;;;;;;;;;;;;;Licence Info Miage Nantes;1 Très favorable;;;;;;;;;;;;;;;;;
;;;;;;;;;;;;;;;;Ynov Ingésup Nantes;5 Sans avis;;;;;;;;;;;;;;;;;
42;134562H;B P;11.2643046568627;13.1810897435897;12.09;11.491796875;13.267976190476199;0.20000000000000001;12.52;12.305;11.1458333333333;13.2916666666667;11.94;12.19;12.27;Ensg Champs sur Marne;2 Favorable;;;;;;;;;;;;;;;;;;;;;;;;;;;;;;;;;;;;;
;;;;;;;;;;;;;;;;Polytech’Tours;2 Favorable;;;;;;;;;;;;;;;;;;;;;;;;;;;;;;;;;;;;;
;;;;;;;;;;;;;;;;Polytech’Nantes;2 Favorable;;;;;;;;;;;;;;;;;;;;;;;;;;;;;;;;;;;;;
;;;;;;;;;;;;;;;;UTBM Belfort-Montbéliard;3 Assez Favorable;;;;;;;;;;;;;;;;;;;;;;;;;;;;;;;;;;;;;
;;;;;;;;;;;;;;;;UTC Compiègne;3 Assez Favorable;;;;;;;;;;;;;;;;;;;;;;;;;;;;;;;;;;;;;
;;;;;;;;;;;;;;;;UTT Troyes;3 Assez Favorable;;;;;;;;;;;;;;;;;;;;;;;;;;;;;;;;;;;;;
;;;;;;;;;;;;;;;;ESAIP Angers;2 Favorable;;;;;;;;;;;;;;;;;;;;;;;;;;;;;;;;;;;;;
;;;;;;;;;;;;;;;;Licence Info Nantes;1 Très favorable;;;;;;;;;;;;;;;;;;;;;;;;;;;;;;;;;;;;;
43;134562I;B Q;14.9450901960784;13.7067307692308;14.41;11.898828125;11.8830952380952;0;11.890000000000001;13.15;10.0060416666667;10.40625;12.06;10.41;12.24;Polytech’Nantes;2 Favorable;;;;;;;;;;;;;;;;;
;;;;;;;;;;;;;;;;Licence Info Nantes;2 Favorable;;;;;;;;;;;;;;;;;
;;;;;;;;;;;;;;;;Licence Pro SEICOM Nantes;1 Très favorable;;;;;;;;;;;;;;;;;
44;134562J;B R;11.870050000000001;13.304166666666699;12.49;11.449999999999999;12.6367261904762;0.20000000000000001;12.199999999999999;12.345000000000001;10.418125;13.15625;12.81;11.9;12.199999999999999;Licence Communication et Multimédia Mulhouse;5 Sans avis;;;;;;;;;;;;;;;;;
;;;;;;;;;;;;;;;;Licence Anglais Bordeaux;5 Sans avis;;;;;;;;;;;;;;;;;
;;;;;;;;;;;;;;;;Licence information et  communication Bordeaux;5 Sans avis;;;;;;;;;;;;;;;;;
;;;;;;;;;;;;;;;;Licence Information et communication Aix en Provence;5 Sans avis;;;;;;;;;;;;;;;;;
;;;;;;;;;;;;;;;;Licence Information et communication Lille;5 Sans avis;;;;;;;;;;;;;;;;;
45;134562K;B S;12.43;12.300000000000001;12.369999999999999;11.539999999999999;11.66;0;11.6;11.984999999999999;10.710000000000001;14.02;12.01;12.33;12.1;Licence Pro MIAR  Nantes;1 Très favorable;;;;;;;;;;;;;;;;;
46;134562L;B T;11.8338653921569;13.778846153846199;12.68;10.20703125;12.4617857142857;0.20000000000000001;11.460000000000001;12.07;8.7639583333333295;14.5572916666667;11.94;11.69;11.94;Licence Info Miage Nantes;2 Favorable;Fav;;;;;;;;;;;;;;;;
;;;;;;;;;;;;;;;;Licence Info Miage Rennes;2 Favorable;;;;;;;;;;;;;;;;;
47;1345662M;B U;12.789999999999999;11.23;12.109999999999999;9.3599999999999994;12.73;0;10.93;11.52;10.279999999999999;14.4;13.26;12.44;11.83;Ecole des Mines Nantes;3 Assez Favorable;;;;;;;;;;;;;;;;;
48;1345662N;B V;12.210000000000001;12.91;12.51;11.640000000000001;11.77;0;11.699999999999999;12.105;9.9299999999999997;11.98;13.58;11.25;11.82;Licence Pro MIAR Alt. Nantes;1 Très favorable;;;;;;;;;;;;;;;;;
49;1345662O;B W;11.6507120098039;11.288461538461499;11.49;10.848046875;11.291369047619;0;11.050000000000001;11.27;10.8697916666667;14.15625;15.81;12.880000000000001;11.81;Licence Info Miage Nantes;2 Favorable;;;;;;;;;;;;;;;;;
;;;;;;;;;;;;;;;;Licence Info Nantes;2 Favorable;;;;;;;;;;;;;;;;;
;;;;;;;;;;;;;;;;Licence info (L2) Nantes;2 Favorable;;;;;;;;;;;;;;;;;
;;;;;;;;;;;;;;;;Polytech’Nantes;3 Assez Favorable;;;;;;;;;;;;;;;;;
50;134562P;B X;12.191437254902;13.086538461538501;12.58;10.396484375;11.999107142857101;0.20000000000000001;11.34;11.960000000000001;10.0108333333333;12.559374999999999;13.380000000000001;11.52;11.81; UWS Ecosse;1 Très favorable;;;;;;;;;;;;;;;;;
;;;;;;;;;;;;;;;;Licence Pro test logiciels Toulouse;1 Très favorable;;;;;;;;;;;;;;;;;
;;;;;;;;;;;;;;;;Licence Pro Application Web Toulouse;1 Très favorable;;;;;;;;;;;;;;;;;
;;;;;;;;;;;;;;;;ENSEIRB-MatMeca Bordeaux;3 Assez Favorable;;;;;;;;;;;;;;;;;
;;;;;;;;;;;;;;;;Licence Pro Application Web Grenoble;1 Très favorable;;;;;;;;;;;;;;;;;
;;;;;;;;;;;;;;;;Licence Pro test logiiels Grenoble;1 Très favorable;;;;;;;;;;;;;;;;;
;;;;;;;;;;;;;;;;Licence Pro test logiciels Paris Descartes;1 Très favorable;;;;;;;;;;;;;;;;;
51;134562Q;B Y;12.6983950980392;12.2083333333333;12.49;10.297265625;12.0598214285714;0.20000000000000001;11.32;11.904999999999999;10.9104166666667;11.8854166666667;12.880000000000001;11.56;11.789999999999999;UWS Ecosse;1 Très favorable;;;;;;;;;;;;;;;;;
;;;;;;;;;;;;;;;;Licence Info Nantes;2 Favorable;;;;;;;;;;;;;;;;;
52;134562R;B Z;13.021421568627501;12.346153846153801;12.73;11.972265625;11.3227976190476;0;11.67;12.199999999999999;8.6068750000000005;12.1979166666667;13.880000000000001;10.789999999999999;11.73;Licence Info Nantes;3 Assez Favorable;;;;;;;;;;;;;;;;;
;;;;;;;;;;;;;;;;Licence info Rennes;3 Assez Favorable;;;;;;;;;;;;;;;;;
;;;;;;;;;;;;;;;;Licencce info Angers;3 Assez Favorable;;;;;;;;;;;;;;;;;
53;134562S;B AA;13.227640196078401;12.0769230769231;12.73;10.38046875;13.278154761904799;0.20000000000000001;11.93;12.33;8.3114583333333307;11.6979166666667;11.85;10.210000000000001;11.619999999999999;Polytech’Nantes;4 Avis réservé;;;;;;;;;;;;;;;;;
;;;;;;;;;;;;;;;;ENSIBS CyberDéfense Vannes;4 Avis réservé;;;;;;;;;;;;;;;;;
;;;;;;;;;;;;;;;;ENSIBS Informatique de Confiance;4 Avis réservé;;;;;;;;;;;;;;;;;
;;;;;;;;;;;;;;;;Licence Info Nantes;3 Assez Favorable;;;;;;;;;;;;;;;;;
;;;;;;;;;;;;;;;;Classe Préparatoire ATS Lycée Livet;3 Assez Favorable;;;;;;;;;;;;;;;;;
54;134562T;B AB;12.915525490196099;11.524038461538501;12.31;10.089453125;12.4320238095238;0.20000000000000001;11.380000000000001;11.845000000000001;8.9852083333333308;13.1458333333333;11.66;11.130000000000001;11.609999999999999;IMAC Champs-sur-Marne;3 Assez Favorable;;;;;;;;;;;;;;;;;
;;;;;;;;;;;;;;;;Licence Info Nantes;3 Assez Favorable;;;;;;;;;;;;;;;;;
55;134562U;B AC;13.2896524509804;14.525641025641001;13.83;11.6171875;11.931309523809499;0.20000000000000001;11.960000000000001;12.895;5.4837499999999997;11.9479166666667;10.880000000000001;8.9600000000000009;11.58;;5 Sans avis;;;;;;;;;;;;;;;;;
56;134562V;B AD;13.6878431372549;10.536858974358999;12.32;11.66640625;11.2624404761905;0;11.48;11.9;10.1377083333333;11.8489583333333;9.6300000000000008;10.84;11.550000000000001;Licence Pro MIAR  Nantes;1 Très favorable;;;;;;;;;;;;;;;;;
57;134562W;B AE;12.436077941176499;10.6810897435897;11.68;12.592968750000001;11.8727380952381;0;12.26;11.970000000000001;10.5104166666667;10.1875;11.06;10.43;11.460000000000001;Licence Info Nantes;2 Favorable;;;;;;;;;;;;;;;;;;;;;;;;;;;;;;;;;;;;;
;;;;;;;;;;;;;;;;Licence info Rennes;2 Favorable;;;;;;;;;;;;;;;;;;;;;;;;;;;;;;;;;;;;;
58;134562X;B AF;12.735065686274501;12.197115384615399;12.5;11.5625;11.4740476190476;0;11.52;12.01;8.5389583333333299;11.03125;13.25;10.17;11.4;Licence Pro MIAR Nantes;1 Très favorable;;;;;;;;;;;;;;;;;
;;;;;;;;;;;;;;;;Licence Pro SEICOM Nantes;1 Très favorable;;;;;;;;;;;;;;;;;
;;;;;;;;;;;;;;;;Licence Info Miage Nantes;2 Favorable;;;;;;;;;;;;;;;;;
;;;;;;;;;;;;;;;;ENI  Nantes;5 Sans avis;;;;;;;;;;;;;;;;;
59;134562Y;B AG;11.460380931372599;12.511217948718;11.92;11.346484374999999;12.0544642857143;0;11.68;11.800000000000001;10.217708333333301;10.21875;13.06;10.529999999999999;11.380000000000001;Licence Pro MIAR  Nantes;1 Très favorable;;;;;;;;;;;;;;;;;
;;;;;;;;;;;;;;;;Licence Pro SYRDES Nantes;1 Très favorable;;;;;;;;;;;;;;;;;
;;;;;;;;;;;;;;;;Licence Pro SEICOM Nantes;1 Très favorable;;;;;;;;;;;;;;;;;
;;;;;;;;;;;;;;;;Licence Info Miage Nantes;3 Assez Favorable;;;;;;;;;;;;;;;;;
;;;;;;;;;;;;;;;;Licence Info Nantes;3 Assez Favorable;;;;;;;;;;;;;;;;;
60;134562Z;B AH;13.619689705882401;10.927884615384601;12.449999999999999;10.506640624999999;11.4317261904762;0.20000000000000001;11.140000000000001;11.795;9.1687499999999993;11.828125;8.2200000000000006;10.25;11.279999999999999;UWS Ecosse;1 Très favorable;;;;;;;;;;;;;;;;;
;;;;;;;;;;;;;;;;IMIE Nantes;5 Sans avis;;;;;;;;;;;;;;;;;
;;;;;;;;;;;;;;;;ENI – Nantes;5 Sans avis;;;;;;;;;;;;;;;;;
;;;;;;;;;;;;;;;;Licence Info Nantes;3 Assez Favorable;;;;;;;;;;;;;;;;;
;;;;;;;;;;;;;;;;Licence Pro MIAR  Nantes;1 Très favorable;;;;;;;;;;;;;;;;;
61;134563B;B AI;12.4754676470588;11.913461538461499;12.23;9.6535156250000007;11.5571428571429;0;10.539999999999999;11.385;9.1360416666666708;13;10.19;10.970000000000001;11.25;Licence Info Nantes;3 Assez Favorable;;;;;;;;;;;;;;;;;
;;;;;;;;;;;;;;;;Licence Info Angers;3 Assez Favorable;;;;;;;;;;;;;;;;;
62;134563C;B AJ;11.6848137254902;10.403846153846199;11.130000000000001;11.086328125;12.0817261904762;0;11.550000000000001;11.34;9.4456249999999997;12.5104166666667;11.880000000000001;11.08;11.25;UQAC Quebec;3 Assez Favorable;;;;;;;;;;;;;;;;;
;;;;;;;;;;;;;;;;UWS  Ecosse;1 Très favorable;;;;;;;;;;;;;;;;;
;;;;;;;;;;;;;;;;Licence Pro MIAR  Nantes;1 Très favorable;;;;;;;;;;;;;;;;;
;;;;;;;;;;;;;;;;Licence Info Miage Nantes;2 Favorable;;;;;;;;;;;;;;;;;
63;134563D;B AK;12.7675769607843;13.1057692307692;12.91;9.21484375;11.5225595238095;0;10.289999999999999;11.6;9.0758333333333301;12.1979166666667;9.1899999999999995;10.48;11.23;Licence Info Nantes;3 Assez Favorable;;;;;;;;;;;;;;;;;;;;;;;;;;;;;;;;;;;;;
;;;;;;;;;;;;;;;;Licence Info Miage Nantes;3 Assez Favorable;;;;;;;;;;;;;;;;;;;;;;;;;;;;;;;;;;;;;
;;;;;;;;;;;;;;;;Licence Pro MIAR  Nantes;1 Très favorable;;;;;;;;;;;;;;;;;;;;;;;;;;;;;;;;;;;;;
64;134563E;B AL;11.140953186274499;10.1314102564103;10.699999999999999;10.704296875000001;11.64625;0.20000000000000001;11.34;11.02;8.3489583333333304;14.0520833333333;11.75;11.26;11.1;Licence Info Miage Nantes;3 Assez Favorable;;;;;;;;;;;;;;;;;
;;;;;;;;;;;;;;;;Licence Pro MIAR  Nantes;1 Très favorable;;;;;;;;;;;;;;;;;
;;;;;;;;;;;;;;;;Licence Pro SYRDES Nantes;1 Très favorable;;;;;;;;;;;;;;;;;
;;;;;;;;;;;;;;;;Licence Inf Nantes;5 Sans avis;;;;;;;;;;;;;;;;;
;;;;;;;;;;;;;;;;EPSI  Nantes;5 Sans avis;;;;;;;;;;;;;;;;;
;;;;;;;;;;;;;;;;Licence Info Bordeaux;5 Sans avis;;;;;;;;;;;;;;;;;
;;;;;;;;;;;;;;;;Licence Pro PGI Montpellier;1 Très favorable;;;;;;;;;;;;;;;;;
;;;;;;;;;;;;;;;;Licence Pro Génie Logiciel Montpellier;1 Très favorable;;;;;;;;;;;;;;;;;
;;;;;;;;;;;;;;;;Licence Pro Logiciel Libre Angers;1 Très favorable;;;;;;;;;;;;;;;;;
65;134563F;B AM;14.5105387254902;9.9887820512820493;12.550000000000001;11.887499999999999;10.5880952380952;0;11.279999999999999;11.914999999999999;10.222291666666701;9.3229166666666696;5.9699999999999998;9.3499999999999996;11.06;Licence Info Nantes;3 Assez Favorable;;;;;;;;;;;;;;;;;;;;;;;;;;;;;;;;;;;;;;;;;;;;
;;;;;;;;;;;;;;;;Licence Info Lyon;3 Assez Favorable;;;;;;;;;;;;;;;;;;;;;;;;;;;;;;;;;;;;;;;;;;;;
;;;;;;;;;;;;;;;;Licence Info Lille 1;3 Assez Favorable;;;;;;;;;;;;;;;;;;;;;;;;;;;;;;;;;;;;;;;;;;;;
;;;;;;;;;;;;;;;;Licence Info Miage Nantes;5 Sans avis;;;;;;;;;;;;;;;;;;;;;;;;;;;;;;;;;;;;;;;;;;;;
;;;;;;;;;;;;;;;;Licence Info Angers;3 Assez Favorable;;;;;;;;;;;;;;;;;;;;;;;;;;;;;;;;;;;;;;;;;;;;
66;134563G;B AO;10.257679558823501;13.8621794871795;11.82;10.728125;11.7764285714286;0;11.220000000000001;11.52;7.9593749999999996;11.46875;11.31;9.8900000000000006;10.98;Licence Info Nantes;5 Sans avis;;;;;;;;;;;;;;;;;;;;;;;;;;;;;;;;;;;;;
;;;;;;;;;;;;;;;;Licence Info Angers;5 Sans avis;;;;;;;;;;;;;;;;;;;;;;;;;;;;;;;;;;;;;
;;;;;;;;;;;;;;;;Licence Info Le Mans;5 Sans avis;;;;;;;;;;;;;;;;;;;;;;;;;;;;;;;;;;;;;
;;;;;;;;;;;;;;;;Licence Info Orleans;5 Sans avis;;;;;;;;;;;;;;;;;;;;;;;;;;;;;;;;;;;;;
67;134563H;B AP;12.19;10.59;11.5;10.880000000000001;12.35;0;11.57;11.535;7.8700000000000001;11.23;12.42;9.8699999999999992;10.98;Licence Pro MIAR  Nantes;1 Très favorable;;;;;;;;;;;;;;;;;;;;;;;;;;;;;;;;;;;;;
;;;;;;;;;;;;;;;;Licence Pro Application Web Lannion;3 Assez Favorable;;;;;;;;;;;;;;;;;;;;;;;;;;;;;;;;;;;;;
68;134563I;B AQ;12.1010553921569;13.525641025641001;12.720000000000001;9.2644531249999993;12.0194047619048;0;10.550000000000001;11.635;7.2395833333333304;10.9895833333333;10.449999999999999;9.2599999999999998;10.84;Licence Pro MIAR Nantes;1 Très favorable;;;;;;;;;;;;;;;;;;;;;;;;;;;;;;;;;;;;;
;;;;;;;;;;;;;;;;Licence Pro SEICOM Nantes;3 Assez Favorable;;;;;;;;;;;;;;;;;;;;;;;;;;;;;;;;;;;;;
;;;;;;;;;;;;;;;;ENI Nantes;5 Sans avis;;;;;;;;;;;;;;;;;;;;;;;;;;;;;;;;;;;;;
;;;;;;;;;;;;;;;;EPSI Nantes;5 Sans avis;;;;;;;;;;;;;;;;;;;;;;;;;;;;;;;;;;;;;
69;134563J;B AR;12.9635156862745;12.2435897435897;12.65;9.79296875;11.3899404761905;0;10.539999999999999;11.595000000000001;7.9758333333333304;10.140625;11.06;9.2799999999999994;10.82;Epithec Nantes;5 Sans avis;;;;;;;;;;;;;;;;;;;;;;;;;;;;;;;;;;;;;
;;;;;;;;;;;;;;;;Epithec Rennes;5 Sans avis;;;;;;;;;;;;;;;;;;;;;;;;;;;;;;;;;;;;;
;;;;;;;;;;;;;;;;Licence Info Nantes;5 Sans avis;;;;;;;;;;;;;;;;;;;;;;;;;;;;;;;;;;;;;
;;;;;;;;;;;;;;;;Licence Pro Nantes;1 Très favorable;;;;;;;;;;;;;;;;;;;;;;;;;;;;;;;;;;;;;
;;;;;;;;;;;;;;;;EPSI  Nantes;5 Sans avis;;;;;;;;;;;;;;;;;;;;;;;;;;;;;;;;;;;;;
;;;;;;;;;;;;;;;;IMIE Nantes;5 Sans avis;;;;;;;;;;;;;;;;;;;;;;;;;;;;;;;;;;;;;
70;134563K;B AS;10.609999999999999;9.8200000000000003;10.27;12;11.039999999999999;0;11.550000000000001;10.91;10.67;10.640000000000001;10.59;10.65;10.82;ENI  Nantes;5 Sans avis;;;;;;;;;;;;;;;;;;;;;;;;;;;;;;;;;;;;;
;;;;;;;;;;;;;;;;Licence Pro MIAR  Nantes;1 Très favorable;;;;;;;;;;;;;;;;;;;;;;;;;;;;;;;;;;;;;
71;134563L;B AT;11.1625490196078;11.9102564102564;11.49;10.0390625;11.486369047619;0;10.710000000000001;11.1;8.28125;11.3697916666667;11;9.9600000000000009;10.720000000000001;Licence Info Nantes;5 Sans avis;;;;;;;;;;;;;;;;;;;;;;;;;;;;;;;;;;;;;
72;134563M;B AU;9.7579365196078403;11.4490384615385;10.49;9.8031249999999996;12.836309523809501;0;11.220000000000001;10.855;7.6662499999999998;12.65625;11.130000000000001;10.27;10.66;Licence Info Miage Nantes;5 Sans avis;;;;;;;;;;;;;;;;;;;;;;;;;;;;;;;;;;;;;
;;;;;;;;;;;;;;;;Licence Pro MIAR  Nantes;1 Très favorable;;;;;;;;;;;;;;;;;;;;;;;;;;;;;;;;;;;;;
;;;;;;;;;;;;;;;;Licence Pro DIWA Laval;3 Assez Favorable;;;;;;;;;;;;;;;;;;;;;;;;;;;;;;;;;;;;;
;;;;;;;;;;;;;;;;Licence info Nantes;5 Sans avis;;;;;;;;;;;;;;;;;;;;;;;;;;;;;;;;;;;;;
;;;;;;;;;;;;;;;;Licence Pro A2SR Alt La roche/Yon;3 Assez Favorable;;;;;;;;;;;;;;;;;;;;;;;;;;;;;;;;;;;;;
73;134563N;B AV;12.289999999999999;10.4;11.470000000000001;10.359999999999999;11.44;0.20000000000000001;11.06;11.265000000000001;8.9499999999999993;9.5600000000000005;10.44;9.3900000000000006;10.640000000000001;ENI  Nantes;5 Sans avis;;;;;;;;;;;;;;;;;
;;;;;;;;;;;;;;;;Licence Pro MIAR  Nantes;1 Très favorable;;;;;;;;;;;;;;;;;
;;;;;;;;;;;;;;;;Licence Pro SEICOM Nantes;3 Assez Favorable;;;;;;;;;;;;;;;;;
;;;;;;;;;;;;;;;;Licence info Nantes;5 Sans avis;;;;;;;;;;;;;;;;;
74;134563O;B AW;13.5336441176471;11.1730769230769;12.51;11.144921875;9.6642261904761906;0.20000000000000001;10.65;11.58;7.3958333333333304;9.484375;9.1300000000000008;8.5199999999999996;10.56;Iut Montpellier;5 Sans avis;;;;;;;;;;;;;;;;;
;;;;;;;;;;;;;;;;Iut Toulouse;5 Sans avis;;;;;;;;;;;;;;;;;
;;;;;;;;;;;;;;;;Iut Grenoble;5 Sans avis;;;;;;;;;;;;;;;;;
;;;;;;;;;;;;;;;;Iut Bayonne;5 Sans avis;;;;;;;;;;;;;;;;;
;;;;;;;;;;;;;;;;Iut de Vannes;5 Sans avis;;;;;;;;;;;;;;;;;
;;;;;;;;;;;;;;;;Iut deNantes;5 Sans avis;;;;;;;;;;;;;;;;;
;;;;;;;;;;;;;;;;Universite Nantes;5 Sans avis;;;;;;;;;;;;;;;;;
75;134563P;B AX;11.3164661764706;11.294871794871799;11.31;10.544921875;10.3202380952381;0;10.44;10.875;8.1174999999999997;11.5833333333333;10.220000000000001;9.8900000000000006;10.550000000000001;Licence info Nantes;5 Sans avis;;;;;;;;;;;;;;;;;
;;;;;;;;;;;;;;;;Licence Math-Info Nantes;4 Avis réservé;;;;;;;;;;;;;;;;;
;;;;;;;;;;;;;;;;Epithec Nantes;5 Sans avis;;;;;;;;;;;;;;;;;
;;;;;;;;;;;;;;;;EPSI  Nantes;5 Sans avis;;;;;;;;;;;;;;;;;
76;134563Q;B AY;12.2359730392157;11.955128205128201;12.109999999999999;8.5753906250000007;11.123571428571401;0;9.7599999999999998;10.935;8.5616666666666692;10.9375;10.130000000000001;9.7899999999999991;10.550000000000001;IAE Lyon;5 Sans avis;;;;;;;;;;;;;;;;;
;;;;;;;;;;;;;;;;IAE Nantes;5 Sans avis;;;;;;;;;;;;;;;;;
;;;;;;;;;;;;;;;;Polytech’Nantes;4 Avis réservé;;;;;;;;;;;;;;;;;
;;;;;;;;;;;;;;;;Licence Info Nantes;4 Avis réservé;;;;;;;;;;;;;;;;;
77;134563R;B AZ;10.165897794117599;11.8589743589744;10.9;9.5871093750000007;10.450238095238101;0.20000000000000001;10.19;10.545;8.2783333333333307;13.0729166666667;8.5;10.43;10.51;Licence Info Miage Nantes;4 Avis réservé;;;;;;;;;;;;;;;;;
;;;;;;;;;;;;;;;;Licence Pro MIAR  Nantes;1 Très favorable;;;;;;;;;;;;;;;;;
;;;;;;;;;;;;;;;;Licence Pro SEICOM Nantes;3 Assez Favorable;;;;;;;;;;;;;;;;;
78;134563S;C A;12.1046426470588;11.607371794871799;11.890000000000001;10.423046875000001;9.8579166666666698;0;10.16;11.025;9.9322916666666696;8.9895833333333304;9.4100000000000001;9.4600000000000009;10.5;UWS  Ecosse;1 Très favorable;;;;;;;;;;;;;;;;;
;;;;;;;;;;;;;;;;Licence Info Nantes;4 Avis réservé;;;;;;;;;;;;;;;;;
;;;;;;;;;;;;;;;;Armée de l’air;5 Sans avis;;;;;;;;;;;;;;;;;
79;134563T;C B;10.367442401960799;11.7759615384615;10.98;9.0406250000000004;13.3563095238095;0;11.050000000000001;11.015000000000001;7.3966666666666701;10.7604166666667;10;9.1799999999999997;10.4;LISAA Nantes (Ecole d’arts);5 Sans avis;;;;;;;;;;;;;;;;;
;;;;;;;;;;;;;;;;MJM Design Graphic Nantes;5 Sans avis;;;;;;;;;;;;;;;;;
;;;;;;;;;;;;;;;;E-artsup Nantes;5 Sans avis;;;;;;;;;;;;;;;;;
;;;;;;;;;;;;;;;;Esma Nantes;5 Sans avis;;;;;;;;;;;;;;;;;
;;;;;;;;;;;;;;;;AGR Nantes;5 Sans avis;;;;;;;;;;;;;;;;;
;;;;;;;;;;;;;;;;Pivaut Nantes;5 Sans avis;;;;;;;;;;;;;;;;;
80;134563U;C C;11.843481862745101;12.7887820512821;12.25;9.4871093749999993;10.666845238095201;0;10.039999999999999;11.145;8.4168749999999992;10.0416666666667;6.3099999999999996;8.9000000000000004;10.4;Licence Prof Info MIAR Alt Nantes;1 Très favorable;;;;;;;;;;;;;;;;;
;;;;;;;;;;;;;;;;Licence Pro A2SR Alt La roche/Yon;3 Assez Favorable;;;;;;;;;;;;;;;;;
;;;;;;;;;;;;;;;;Licence Pro Admin. Développeur Bordeaux;4 Avis réservé;;;;;;;;;;;;;;;;;
;;;;;;;;;;;;;;;;Licence Info Bordeaux;4 Avis réservé;;;;;;;;;;;;;;;;;
;;;;;;;;;;;;;;;;Licence Pro Info MIAR;1 Très favorable;;;;;;;;;;;;;;;;;
81;134563V;C D;10.380092647058801;11.0144230769231;10.65;8.705078125;11.134404761904801;0;9.8399999999999999;10.244999999999999;7.734375;13.5520833333333;10.130000000000001;10.59;10.359999999999999;Polytech’Nantes;4 Avis réservé;;;;;;;;;;;;;;;;;
;;;;;;;;;;;;;;;;Licence Info Nantes;4 Avis réservé;;;;;;;;;;;;;;;;;
;;;;;;;;;;;;;;;;Licence Info Sciences pour l’ingénieur Nantes;4 Avis réservé;;;;;;;;;;;;;;;;;
82;134563W;C E;11.57;8.7799999999999994;10.359999999999999;11.67;10.109999999999999;0;10.94;10.65;8.7400000000000002;10.23;10.210000000000001;9.5700000000000003;10.289999999999999;;5 Sans avis;;;;;;;;;;;;;;;;;
83;134563X;C F;10.986974999999999;9.9407051282051295;10.529999999999999;9.5804687499999996;10.0330952380952;0.20000000000000001;9.9900000000000002;10.26;6.9514583333333304;10.640625;11;9.0399999999999991;9.8499999999999996;Licence Pro MIAR  Nantes;1 Très favorable;;;;;;;;;;;;;;;;;
;;;;;;;;;;;;;;;;Licence Info Nantes;4 Avis réservé;;;;;;;;;;;;;;;;;
;;;;;;;;;;;;;;;;Licence Arts du spectable Rennes;5 Sans avis;;;;;;;;;;;;;;;;;
84;134563Y;C G;11.545684803921599;8.3349358974358996;10.15;10.68515625;10.121309523809501;0.20000000000000001;10.619999999999999;10.385;8.1822916666666696;8.6354166666666696;9.6600000000000001;8.5500000000000007;9.7699999999999996;Classe Préparatoire ATS Lycée Livet;4 Avis réservé;;;;;;;;;;;;;;;;;
